id,game_name,hours_played,player_count,review_rating,review_count,tag_value
1,nisi nam ultrices libero non mattis,1392,8877,2,918,2
2,mauris laoreet ut rhoncus aliquet pulvinar sed,514,1134,2,9282,4
3,massa tempor convallis nulla neque libero,1940,4404,1,2232,4
4,nec condimentum neque,2657,7141,2,9044,3
5,vestibulum quam sapien,1403,1946,3,2021,3
6,ante vivamus tortor duis mattis egestas metus aenean,2820,379,3,8168,1
7,aenean sit amet justo morbi ut,369,3658,4,7502,3
8,id massa,1615,5595,1,4664,5
9,id turpis integer aliquet massa id,638,7590,1,1074,2
10,leo pellentesque ultrices,1592,9143,3,8954,4
11,nam dui proin leo odio,305,4867,4,2401,3
12,fermentum donec ut mauris eget massa tempor,3935,4939,2,448,1
13,sapien dignissim,2508,9637,3,9847,3
14,suspendisse ornare consequat,375,8913,2,6924,4
15,rhoncus mauris enim leo rhoncus sed,1266,2859,4,5525,1
16,libero nullam,3511,8122,3,1661,1
17,amet diam in magna bibendum imperdiet nullam,3413,5381,2,5594,1
18,ultrices aliquet,3100,4323,1,9168,2
19,suspendisse potenti nullam porttitor lacus at,2324,8231,4,4808,5
20,ipsum integer,1539,9387,1,9870,2
21,nonummy integer non velit,1968,6769,2,1979,3
22,semper interdum mauris ullamcorper purus sit amet,3060,4862,2,8626,2
23,in porttitor pede justo,763,8297,2,1188,3
24,nonummy maecenas tincidunt lacus,1548,9169,4,8674,3
25,iaculis diam erat fermentum justo nec condimentum neque,1220,5939,1,2887,2
26,rutrum neque,1069,9907,1,5906,1
27,pede malesuada in imperdiet et commodo,996,6955,3,177,5
28,morbi ut odio,2323,5870,2,1497,4
29,vulputate ut ultrices vel augue,735,336,1,355,5
30,quis turpis eget elit sodales scelerisque mauris,872,693,1,498,2
31,et magnis dis parturient montes nascetur ridiculus,3185,7095,1,7373,2
32,volutpat quam pede,326,4192,4,9311,5
33,nisi nam ultrices libero non,568,8973,4,4941,3
34,mattis pulvinar nulla pede ullamcorper augue,3565,4116,1,9849,4
35,lobortis sapien sapien non mi integer ac,2124,1852,3,7208,5
36,quam a odio in hac habitasse,314,3442,1,3671,4
37,vitae mattis nibh ligula nec sem,3646,6530,3,7146,1
38,quis justo maecenas rhoncus aliquam lacus morbi,3170,7099,4,9386,2
39,mauris laoreet ut rhoncus,389,7171,3,7254,3
40,pellentesque ultrices phasellus id,1014,6419,4,987,5
41,odio consequat varius integer ac,277,4935,4,3890,1
42,donec posuere metus vitae ipsum aliquam non mauris,2804,2230,4,11,4
43,pharetra magna vestibulum aliquet ultrices,626,7691,2,6059,4
44,quam turpis adipiscing lorem vitae mattis nibh,649,3083,4,7088,2
45,nulla ut erat id,2008,4097,1,4621,1
46,a odio in hac,3321,6021,1,9158,4
47,erat volutpat in congue etiam,2622,4261,3,9166,2
48,cras in,2612,2133,2,2673,2
49,in porttitor pede justo eu massa donec dapibus,2671,5245,4,3804,1
50,id ornare imperdiet sapien urna pretium,105,7975,3,4102,5
51,amet cursus id,2838,9121,1,4807,2
52,ipsum praesent blandit,3033,2307,2,5427,2
53,non velit donec diam,700,2186,2,3062,1
54,ligula sit amet eleifend pede libero quis orci,648,4680,4,3868,2
55,in faucibus orci luctus et ultrices,2245,6153,4,4183,4
56,et magnis dis parturient,1496,7123,2,5769,5
57,enim sit amet nunc viverra dapibus nulla suscipit,1300,4195,3,5264,1
58,vulputate ut ultrices vel augue vestibulum,605,9140,2,3230,2
59,at diam nam tristique tortor,953,5531,1,7827,2
60,in imperdiet,3600,2445,2,5332,1
61,duis faucibus,3575,1423,3,6645,4
62,ut volutpat sapien arcu sed augue aliquam erat,1122,2845,4,5728,4
63,amet erat nulla tempus,3225,38,1,9958,3
64,eu felis fusce posuere felis,2023,6128,1,2966,2
65,ultrices mattis odio donec vitae,1417,5389,1,4095,2
66,purus aliquet at,176,4793,3,9327,1
67,consectetuer adipiscing elit proin risus praesent lectus vestibulum,295,2157,2,2534,5
68,ut blandit non interdum in ante vestibulum,190,6840,2,7908,5
69,quis justo maecenas,646,3796,3,3671,5
70,fermentum donec ut mauris eget massa tempor convallis,290,1424,2,4123,3
71,augue vel accumsan tellus nisi eu orci,1714,2855,2,7693,3
72,pretium nisl,3188,2452,2,3686,3
73,porttitor lacus at turpis donec posuere metus vitae,3360,4878,2,4021,3
74,suspendisse potenti in eleifend quam a,3884,6147,2,3403,1
75,convallis eget eleifend luctus,3943,185,3,9121,1
76,consequat lectus,2558,1745,3,813,5
77,morbi quis tortor id,3187,28,3,676,3
78,nisl nunc rhoncus dui,476,9315,1,6197,3
79,luctus rutrum nulla tellus in sagittis dui vel,153,3330,2,4603,4
80,porttitor pede justo eu,927,5152,4,3697,1
81,non pretium quis,2991,3212,2,5907,2
82,pede posuere nonummy,1947,3816,1,8182,1
83,justo sollicitudin ut suscipit a,2381,5383,4,1102,4
84,aenean auctor gravida sem,2101,4769,1,8228,3
85,in hac habitasse platea dictumst maecenas ut massa,3249,8187,4,3853,4
86,et ultrices posuere,2343,582,2,3672,1
87,ut massa quis augue luctus,332,5591,3,9424,2
88,luctus et ultrices posuere cubilia,2449,228,1,3481,2
89,at velit vivamus vel nulla,591,8468,1,8850,2
90,sed augue aliquam erat volutpat,3800,2850,2,1939,3
91,euismod scelerisque,3546,2363,1,3596,3
92,ultrices posuere cubilia curae nulla,2954,1518,2,2352,3
93,tincidunt nulla mollis molestie lorem quisque ut,1192,8400,1,8080,4
94,elementum in hac habitasse platea dictumst morbi,588,965,1,9943,5
95,suscipit a feugiat et eros vestibulum ac est,206,3178,1,3641,1
96,elit proin interdum mauris,681,3427,1,6157,4
97,nisi nam ultrices libero,2542,4784,2,9573,1
98,ultrices vel,1821,9326,1,9617,4
99,duis at velit eu est congue elementum in,2102,8260,2,1471,2
100,eu massa donec dapibus duis at,2118,6219,3,408,5
101,consequat lectus in,1623,1940,2,966,2
102,elementum ligula vehicula consequat morbi a ipsum,2292,3542,4,7891,3
103,vitae mattis nibh ligula nec sem,3142,8863,1,1557,4
104,aliquet massa id lobortis,3806,932,4,3808,2
105,nec nisi vulputate nonummy maecenas tincidunt lacus,2569,6331,1,4636,4
106,vitae nisi,3364,7583,4,2957,3
107,cursus vestibulum proin eu mi nulla,1047,9906,4,8093,5
108,arcu libero rutrum ac lobortis vel,468,8397,2,2635,3
109,justo sit amet sapien dignissim vestibulum vestibulum ante,2119,9758,1,3374,4
110,odio justo,3757,5148,3,7552,1
111,tortor quis turpis sed ante vivamus tortor duis,93,504,3,8749,4
112,nam dui proin leo odio,3139,9954,4,6959,4
113,ac est lacinia nisi venenatis tristique fusce,3614,3253,4,5427,3
114,at vulputate,1395,1821,2,5599,3
115,accumsan tellus nisi eu orci mauris,195,8368,2,3284,3
116,nisl duis ac,3591,6403,3,550,2
117,ut rhoncus aliquet pulvinar sed,798,4561,4,7291,2
118,nascetur ridiculus mus etiam vel augue vestibulum rutrum,1106,1214,1,3844,2
119,nibh in hac habitasse platea dictumst,1298,8184,4,3290,1
120,tellus nulla,3133,7477,2,5749,4
121,ut dolor morbi vel,3342,2368,2,2122,5
122,lectus in quam fringilla,1017,7721,3,6730,5
123,vehicula consequat,1953,2432,1,3804,2
124,suspendisse accumsan tortor quis turpis sed ante,2376,7797,2,6703,1
125,leo maecenas pulvinar lobortis,3070,7929,1,8751,3
126,tristique est et tempus,2195,7321,1,998,5
127,nulla tellus in sagittis dui vel nisl,2109,6652,3,6384,5
128,porttitor lorem id,373,8658,1,2152,4
129,ac est lacinia nisi,607,733,3,5810,2
130,aenean lectus pellentesque,3848,4741,4,359,2
131,in hac habitasse platea dictumst,1137,670,3,5613,4
132,consectetuer eget rutrum at lorem,562,7194,1,9528,3
133,sit amet erat nulla tempus vivamus,1898,6991,3,8189,2
134,mauris enim leo rhoncus,2570,4405,1,9611,1
135,nisi eu orci mauris,468,6181,1,5712,5
136,mollis molestie lorem,1918,4380,4,5759,2
137,ipsum dolor sit amet consectetuer adipiscing,1848,7080,1,2384,1
138,vel est donec odio justo sollicitudin ut suscipit,89,7002,4,7038,2
139,sit amet diam,1382,3666,4,5555,1
140,libero non mattis pulvinar nulla pede ullamcorper augue,2077,8970,3,3500,3
141,purus aliquet at,3231,3265,4,145,5
142,convallis morbi odio odio elementum eu,2379,3856,2,6420,4
143,phasellus sit amet erat nulla tempus vivamus,30,6448,4,6126,5
144,posuere felis sed,3260,1729,4,1623,4
145,et ultrices posuere cubilia curae,3255,8547,3,3745,3
146,sem praesent id massa id nisl venenatis,2446,1511,3,9113,5
147,ipsum primis in faucibus orci,1331,8076,2,3363,5
148,sit amet turpis elementum,3867,8868,2,397,2
149,ornare imperdiet sapien urna pretium nisl ut volutpat,1826,2211,3,4781,2
150,sapien cursus vestibulum proin eu mi nulla,2324,2392,1,9760,3
151,ligula suspendisse ornare consequat lectus,1019,3107,2,4580,1
152,orci pede,1531,9734,3,5834,3
153,amet turpis elementum ligula vehicula consequat morbi,383,2600,2,4091,2
154,ultricies eu nibh,491,6420,2,5518,3
155,consequat morbi a ipsum integer a nibh in,3612,9341,3,4464,1
156,dapibus at diam nam tristique tortor eu,963,3263,4,7238,5
157,odio elementum eu interdum eu,1673,1262,3,7784,5
158,at vulputate vitae,2901,624,2,1504,2
159,ultrices posuere cubilia curae duis faucibus accumsan odio,894,1158,3,9288,5
160,turpis sed ante vivamus tortor,3230,6249,3,9084,4
161,at nibh in hac habitasse platea dictumst,2239,8942,4,6983,2
162,morbi a ipsum integer a nibh in quis,3137,6328,3,5392,4
163,turpis sed ante vivamus,720,6700,3,8207,5
164,donec posuere metus vitae,3513,6990,2,470,4
165,lectus in,3562,7647,3,7492,3
166,neque sapien placerat ante,1580,8440,3,4306,1
167,donec ut mauris eget massa tempor convallis nulla,865,7745,4,9261,3
168,consequat nulla nisl,2199,6103,3,8966,4
169,est donec odio justo sollicitudin ut,3137,7227,2,703,4
170,at velit,3440,2949,4,74,3
171,tincidunt eu felis fusce posuere felis sed,1810,2843,3,804,1
172,nulla nisl nunc,3468,1016,2,3913,1
173,quam turpis,1009,1612,3,6059,2
174,sit amet consectetuer adipiscing,1830,3887,3,4522,2
175,risus dapibus,643,5708,4,417,2
176,ut at dolor,2048,2681,1,1657,4
177,justo nec condimentum,669,3019,3,9154,4
178,porta volutpat quam pede lobortis ligula sit,2552,1056,4,995,5
179,justo etiam pretium iaculis justo in hac habitasse,3950,4861,3,930,3
180,molestie hendrerit at vulputate vitae,3277,5397,2,3012,2
181,lorem integer,771,8347,2,1690,5
182,odio in hac habitasse platea dictumst,183,9548,1,7016,5
183,placerat praesent blandit nam nulla integer pede justo,3654,4340,3,1808,2
184,nibh in hac habitasse platea dictumst aliquam,1142,1288,3,6182,5
185,vel lectus in quam fringilla rhoncus mauris enim,814,3511,1,662,1
186,molestie nibh in lectus pellentesque at nulla suspendisse,3845,3150,3,6851,4
187,velit id pretium iaculis diam erat fermentum,964,8757,1,4201,2
188,vitae mattis nibh ligula nec sem duis,228,4162,1,4664,3
189,libero nam dui proin leo odio porttitor,2997,6776,3,1884,1
190,vivamus vestibulum sagittis sapien,2560,6418,2,8236,2
191,congue elementum in hac habitasse,514,6044,2,3964,5
192,ipsum primis in faucibus orci luctus et,1929,7175,1,8119,1
193,vestibulum ac,3731,5850,4,4357,3
194,sit amet eleifend pede libero,2745,9710,2,642,3
195,diam cras pellentesque,3976,2175,3,7868,1
196,tincidunt nulla mollis molestie lorem quisque,2603,6570,4,9884,1
197,augue vestibulum,3544,3471,3,714,5
198,vestibulum quam sapien varius,3464,674,3,2518,5
199,neque libero convallis eget eleifend luctus ultricies,3761,4436,3,4518,2
200,tincidunt eget tempus,474,7181,1,9517,2
201,eget rutrum at lorem integer tincidunt,1562,9186,4,4654,4
202,ut mauris eget massa tempor convallis nulla,2793,357,3,9814,4
203,phasellus in felis,935,3769,4,502,1
204,nisl nunc,344,6384,1,4440,3
205,sem fusce,1253,3766,4,9376,2
206,mauris lacinia sapien quis libero nullam sit amet,2526,2857,4,1141,3
207,non interdum in ante vestibulum ante ipsum primis,3654,5520,2,4330,4
208,lorem ipsum dolor sit,655,7029,1,1185,4
209,ipsum primis in faucibus orci,217,7036,4,7675,5
210,in libero ut massa volutpat convallis,3061,8819,2,2807,1
211,sollicitudin mi sit amet lobortis,2249,9026,2,5502,3
212,ipsum dolor sit amet consectetuer adipiscing elit,2312,8893,4,3942,3
213,sed justo pellentesque viverra pede ac diam,2310,9352,3,7496,5
214,eget tincidunt eget tempus vel pede,2237,8831,2,7521,5
215,nec dui luctus rutrum,1469,8816,1,5540,4
216,ipsum integer a,3435,8430,1,3016,5
217,non mattis,3098,2969,1,2630,5
218,ipsum dolor sit,2354,7947,2,8236,2
219,nec dui luctus rutrum nulla tellus in,1823,6670,1,7462,3
220,nonummy integer non velit,1673,4153,2,9831,2
221,fusce lacus purus,675,1174,2,3853,1
222,ut nunc vestibulum ante,618,8876,4,9173,2
223,praesent blandit lacinia erat,3894,9215,3,9869,3
224,viverra diam vitae,1977,5650,4,444,5
225,sed magna at nunc commodo placerat,3937,5443,3,5119,2
226,ultrices enim lorem ipsum,3387,8381,2,4501,3
227,lorem integer tincidunt ante vel ipsum praesent blandit,1414,1140,3,381,1
228,eros vestibulum ac est lacinia nisi venenatis,1792,725,4,4743,3
229,quis tortor id nulla ultrices,1751,7681,4,5339,2
230,convallis nunc proin,1452,4601,3,9383,5
231,luctus et ultrices posuere,329,4420,2,7117,5
232,porttitor id consequat in consequat ut nulla sed,1196,1630,1,6368,2
233,erat vestibulum sed magna at,1820,9546,3,2120,3
234,ipsum primis in faucibus orci,2952,8785,3,6635,2
235,at nunc commodo placerat praesent blandit nam nulla,3061,95,4,7176,5
236,feugiat et eros,3165,6470,2,6267,5
237,cubilia curae donec pharetra magna,2544,5513,3,8003,1
238,sem mauris laoreet,1871,1623,3,7606,2
239,sagittis sapien cum sociis natoque penatibus,2022,518,2,4314,5
240,pellentesque at nulla suspendisse potenti cras,3799,7448,2,3750,4
241,integer non velit,561,7852,1,9734,5
242,amet eros suspendisse accumsan tortor quis turpis sed,1189,3082,4,7741,2
243,nec molestie sed justo pellentesque,3968,7527,2,5408,1
244,ultrices posuere,3975,6461,2,9134,2
245,pellentesque quisque porta volutpat erat,3128,8121,4,6389,5
246,integer a,975,6674,3,4544,4
247,nulla nisl nunc nisl duis bibendum,1579,487,3,33,1
248,vestibulum eget vulputate ut,3649,3918,3,6998,5
249,quam pharetra magna ac,3797,6168,3,2279,4
250,pede venenatis non sodales sed tincidunt,1175,7380,1,8548,4
251,nulla mollis,3002,1838,4,5503,2
252,risus semper porta volutpat quam,37,1821,1,7915,2
253,vehicula condimentum curabitur in,554,6010,2,3838,2
254,at ipsum,2875,1114,4,6100,1
255,eu mi nulla ac enim,360,2443,4,5575,4
256,at nulla suspendisse potenti cras in,2200,9022,3,3373,1
257,neque sapien placerat ante nulla justo aliquam,69,7039,4,6409,5
258,posuere nonummy integer non velit donec diam neque,2948,4990,2,3355,5
259,potenti nullam porttitor lacus at turpis donec posuere,630,4798,4,3897,3
260,nulla suscipit ligula in lacus curabitur at,2782,632,4,9112,3
261,justo eu massa donec dapibus duis,3986,8687,4,6425,2
262,sed sagittis nam,3625,6790,2,886,2
263,nisi vulputate nonummy maecenas tincidunt,2018,1048,3,3432,2
264,mollis molestie lorem quisque ut erat,2392,1904,4,2341,5
265,sit amet eleifend pede libero quis orci nullam,3264,2218,4,692,1
266,montes nascetur ridiculus mus vivamus vestibulum,3453,8473,2,8796,5
267,dis parturient,2318,7621,3,8698,3
268,tincidunt nulla mollis molestie lorem quisque ut erat,3715,6189,2,4828,5
269,quam pede lobortis ligula,3690,3563,1,4265,1
270,parturient montes nascetur ridiculus,635,8200,2,9610,5
271,consectetuer eget rutrum,3984,6879,3,9127,1
272,luctus tincidunt nulla mollis molestie lorem quisque,1075,9067,1,1055,3
273,dis parturient montes nascetur ridiculus mus vivamus,3990,9737,1,573,4
274,morbi sem mauris laoreet ut rhoncus aliquet pulvinar,2608,2423,4,8005,2
275,fusce consequat nulla,1677,1827,3,8480,1
276,nec molestie sed justo pellentesque viverra,623,4034,1,1258,3
277,felis ut at dolor quis odio consequat varius,2147,7430,1,1135,2
278,posuere felis sed,1148,9279,4,2781,5
279,adipiscing molestie hendrerit at,389,5867,2,2383,4
280,eleifend donec ut,2405,9748,1,6964,2
281,elit proin interdum mauris non ligula pellentesque ultrices,2079,1211,4,5506,4
282,justo in hac habitasse platea dictumst etiam faucibus,1923,5593,4,9173,2
283,dolor sit amet,2528,1496,2,1120,4
284,rhoncus mauris enim,164,6273,1,8675,5
285,porttitor lorem id,3208,2619,2,216,4
286,lacinia aenean sit amet justo morbi ut,669,6211,3,55,5
287,fringilla rhoncus mauris enim,1681,7286,4,8840,2
288,fusce posuere felis sed,3046,5693,2,8108,4
289,sed magna at nunc,397,487,2,8819,3
290,sapien cursus vestibulum proin eu mi nulla,2933,4080,3,8087,4
291,sit amet lobortis sapien sapien non,661,7450,3,3356,2
292,sapien placerat ante nulla justo aliquam quis turpis,50,9834,2,956,5
293,ridiculus mus etiam,63,7168,1,6573,5
294,vestibulum aliquet ultrices,3960,969,2,7114,5
295,in eleifend quam a odio in hac habitasse,174,4739,4,3045,3
296,at dolor quis odio consequat varius integer,2947,6660,1,9486,1
297,nisi at nibh in hac habitasse platea,2764,7822,2,139,5
298,sapien urna pretium nisl ut,1570,8234,4,9070,2
299,ipsum integer a,3047,7666,2,6876,5
300,eget semper rutrum nulla nunc,2336,6278,2,7631,3
301,et tempus semper,880,1409,1,6132,1
302,in faucibus orci,324,9966,2,5570,3
303,diam neque vestibulum eget vulputate ut ultrices,3915,8683,4,4963,5
304,purus phasellus in felis donec,1375,527,4,6907,5
305,viverra diam vitae quam suspendisse potenti nullam porttitor,2087,5336,4,2212,3
306,risus auctor sed tristique in tempus,442,4153,1,4540,1
307,dolor sit amet consectetuer adipiscing elit proin,3270,256,4,3244,1
308,nullam varius nulla,630,2528,4,9511,5
309,congue eget semper rutrum nulla nunc,37,7029,3,381,4
310,parturient montes nascetur,2015,3939,1,1509,4
311,vitae nisl aenean lectus pellentesque eget,3230,3846,1,1055,1
312,justo in blandit ultrices enim lorem ipsum dolor,813,643,3,9735,2
313,viverra dapibus,2041,3549,1,9433,5
314,in sagittis dui,1239,8405,4,4359,5
315,duis ac nibh fusce,1232,8961,2,993,4
316,odio curabitur convallis duis consequat dui nec,3536,966,3,3079,2
317,convallis nulla neque libero convallis eget eleifend luctus,279,2837,2,540,3
318,nec condimentum,863,3924,4,1645,3
319,luctus ultricies eu,3660,6184,3,6353,5
320,non ligula pellentesque ultrices phasellus id sapien in,1147,8797,4,7935,4
321,orci mauris lacinia sapien quis libero,3727,4101,1,3625,4
322,mauris non ligula,377,7228,3,2389,4
323,semper rutrum nulla nunc purus phasellus in felis,1300,6704,2,7434,4
324,dapibus at diam nam tristique,663,1337,4,6539,3
325,suscipit a feugiat et eros vestibulum ac est,3710,49,3,5727,3
326,enim sit,1190,6013,4,8773,4
327,aliquam lacus morbi,22,9008,4,7092,3
328,id lobortis convallis tortor risus dapibus,606,2250,1,64,1
329,leo pellentesque ultrices mattis odio donec,3044,3172,1,4705,5
330,vehicula consequat morbi a ipsum integer a,1046,3331,4,2363,3
331,lectus in quam fringilla,2424,7704,1,7346,5
332,cras non velit nec nisi vulputate,129,2763,2,6753,5
333,sed vel enim sit amet nunc viverra,1653,9081,3,6070,4
334,consectetuer adipiscing elit proin risus praesent,1776,1551,2,7479,4
335,duis bibendum felis sed interdum venenatis,624,8882,2,8730,1
336,non interdum in,3064,7936,4,3235,1
337,cubilia curae nulla dapibus,2004,6862,3,4898,5
338,lectus vestibulum quam sapien,1168,3192,3,7632,3
339,in hac habitasse platea dictumst maecenas ut massa,1841,191,3,7381,3
340,odio donec vitae nisi nam ultrices libero non,3779,6650,2,2473,5
341,platea dictumst etiam faucibus cursus urna ut tellus,1984,2346,3,6977,3
342,in lectus pellentesque at,2528,8134,3,681,1
343,id justo sit amet sapien,2240,6254,1,3229,5
344,lacus morbi sem,2692,4420,1,8865,4
345,vestibulum ante ipsum primis in faucibus orci luctus,3324,5165,2,8172,4
346,curae mauris viverra diam,3883,2759,1,9210,3
347,dolor vel,2083,3672,2,3846,3
348,duis bibendum felis sed interdum venenatis turpis,3225,2103,1,241,2
349,curae nulla dapibus dolor vel est donec,2753,7295,3,2959,5
350,potenti in,2949,9896,1,759,4
351,sollicitudin ut suscipit a feugiat et,1841,9322,1,5070,5
352,sagittis dui vel nisl duis ac nibh fusce,1859,934,1,2303,3
353,urna ut tellus nulla,2512,7555,3,4325,2
354,bibendum imperdiet nullam,50,3356,4,1478,5
355,eget eleifend luctus ultricies,1,2358,2,5234,4
356,lacus morbi quis tortor id nulla ultrices aliquet,819,9398,4,6985,3
357,volutpat convallis,2325,9589,1,1125,3
358,purus sit amet nulla quisque arcu libero rutrum,2039,3952,1,5565,1
359,vel augue vestibulum,3249,3894,1,1135,4
360,ante ipsum primis in faucibus orci luctus,3828,2371,4,8681,1
361,at ipsum ac tellus semper interdum mauris,2734,5096,1,1311,4
362,ante ipsum primis,2304,410,4,3579,5
363,ultrices erat tortor sollicitudin mi sit,1681,811,2,7284,2
364,id pretium iaculis diam,2177,2063,1,9901,4
365,amet sem fusce consequat nulla nisl,962,3119,1,5252,3
366,felis donec semper sapien,530,1550,2,3862,5
367,consequat varius integer ac,659,1053,4,5525,3
368,mi in,2401,3466,2,7050,2
369,pellentesque ultrices,2313,8603,1,741,3
370,sit amet nulla quisque arcu libero,3627,408,4,2631,5
371,consequat in consequat ut nulla sed accumsan felis,1825,8803,4,3839,4
372,nullam porttitor lacus at,3882,9216,2,9660,4
373,convallis morbi,3250,1552,1,5220,3
374,elementum eu interdum eu,1974,2029,4,7057,5
375,ut erat curabitur gravida,1740,8033,3,3799,2
376,enim sit amet nunc,2306,8592,2,3253,5
377,cubilia curae,1235,6183,3,5964,2
378,nec nisi volutpat eleifend donec ut,3300,6756,4,3611,4
379,habitasse platea dictumst etiam faucibus,3118,2507,2,4072,1
380,sed accumsan,2623,8412,2,6815,2
381,ut suscipit a feugiat et eros vestibulum,551,3882,4,7986,4
382,sapien a libero,2541,4139,3,4140,1
383,a libero nam dui proin leo odio,1301,3740,1,2257,3
384,faucibus accumsan odio,3020,7057,1,3608,1
385,aenean sit amet justo morbi ut odio cras,3747,7559,4,7117,3
386,vitae nisi nam ultrices libero,2483,1906,2,7520,3
387,quam fringilla rhoncus mauris enim leo rhoncus,2442,867,4,6902,2
388,risus dapibus augue vel accumsan tellus nisi,2153,6037,2,6429,1
389,nibh in quis justo maecenas,1533,5390,4,1225,3
390,vel pede morbi porttitor lorem,1326,330,1,1277,4
391,augue luctus tincidunt nulla,2579,8403,4,8451,3
392,morbi porttitor lorem,1563,171,4,1820,5
393,sem praesent id massa,3353,2300,2,929,2
394,augue vestibulum,587,1528,3,441,1
395,libero quis orci,3164,3053,2,864,3
396,sed sagittis,2060,1441,2,6299,5
397,morbi a ipsum integer,3408,2697,3,7125,1
398,orci nullam molestie nibh in lectus pellentesque,87,8846,1,6738,4
399,nam ultrices libero non mattis pulvinar nulla,3601,9021,3,2826,3
400,consequat in consequat ut nulla,1742,6914,1,1455,1
401,nisl duis ac,982,8536,3,5529,2
402,habitasse platea,2335,2664,2,570,5
403,sodales scelerisque mauris sit amet eros suspendisse accumsan,1255,3267,2,2139,3
404,velit donec,86,4275,1,5327,3
405,at turpis,146,3793,4,8971,1
406,donec diam,3976,6711,3,3755,2
407,tellus nulla ut erat id mauris,837,2017,4,3914,1
408,vitae ipsum aliquam non mauris morbi non lectus,1110,2704,3,2698,2
409,congue diam id ornare imperdiet sapien,1691,7379,2,4003,1
410,justo etiam pretium iaculis justo in hac habitasse,2337,9073,2,7918,4
411,vestibulum sed magna at,2780,5779,4,7031,1
412,libero ut massa volutpat convallis morbi odio odio,845,4028,2,1680,1
413,magnis dis parturient montes nascetur ridiculus mus vivamus,2189,4338,2,6190,2
414,integer tincidunt,1000,7207,1,2888,1
415,cras in purus eu magna,2336,2025,4,2475,3
416,eleifend quam a odio in hac habitasse platea,257,5988,1,4451,2
417,accumsan felis ut at dolor quis,687,6838,4,9877,3
418,id ligula suspendisse ornare consequat lectus in est,3137,541,2,1218,1
419,libero convallis eget eleifend luctus,809,9653,2,6765,3
420,ridiculus mus vivamus,2605,6572,1,29,4
421,quis orci,620,2421,3,1532,1
422,eros suspendisse accumsan tortor quis turpis,3186,5699,3,8100,4
423,non pretium quis,1507,2870,2,3833,4
424,maecenas tincidunt lacus at velit vivamus,2779,6274,4,7798,4
425,nibh in lectus pellentesque at nulla,3863,6923,4,3768,2
426,non sodales sed tincidunt eu felis fusce,2317,7247,4,8806,2
427,lacus curabitur at ipsum ac tellus semper interdum,1705,615,1,4007,3
428,natoque penatibus et magnis dis parturient montes,3537,7891,2,151,1
429,vivamus metus arcu adipiscing molestie,2645,7420,1,3266,3
430,id ligula suspendisse ornare,50,7038,3,3637,4
431,risus praesent lectus,1761,4504,2,1867,1
432,dis parturient montes nascetur ridiculus mus vivamus,2740,3245,1,3260,2
433,sodales scelerisque mauris sit amet eros suspendisse accumsan,3166,9037,1,195,3
434,et tempus semper est quam,3788,2373,1,9494,2
435,rutrum ac lobortis vel,26,8323,3,8005,4
436,etiam pretium iaculis justo in hac,1956,2051,1,5838,1
437,scelerisque quam turpis adipiscing lorem vitae mattis nibh,2850,12,2,1551,4
438,odio in hac habitasse platea dictumst,3015,6906,2,4432,4
439,vel nisl duis ac nibh fusce,3055,1418,2,2273,4
440,mauris ullamcorper purus sit amet,834,5411,4,699,1
441,rutrum rutrum,450,2902,4,9547,5
442,ipsum primis in faucibus orci luctus,3454,9847,3,1044,1
443,rutrum nulla tellus,3179,3985,2,7453,5
444,vel nisl duis ac,3875,1005,3,8551,1
445,sit amet lobortis,285,4791,3,2205,4
446,ante ipsum primis in faucibus orci luctus et,2841,9372,2,8666,3
447,luctus rutrum nulla tellus,2501,8820,2,9358,2
448,in felis eu sapien cursus vestibulum,1511,3252,1,9364,5
449,fusce consequat,2271,2638,4,9044,1
450,enim lorem,744,1083,4,8761,2
451,morbi vestibulum velit id,1439,1248,3,6572,1
452,ligula in lacus curabitur at,1935,3982,2,1485,4
453,etiam vel augue vestibulum,3242,6680,2,6537,3
454,dictumst maecenas,1618,3590,3,221,3
455,curae mauris viverra diam vitae quam,1727,7893,4,2756,3
456,nulla suspendisse,1728,1076,1,5847,5
457,integer ac leo pellentesque ultrices mattis odio,3857,4759,1,3181,1
458,eros elementum pellentesque,706,3585,2,8414,3
459,fusce consequat,1556,1347,3,9056,3
460,ultrices erat,3732,349,1,1976,2
461,velit nec,1962,1343,4,1468,5
462,maecenas leo odio condimentum id luctus,2562,1865,2,434,5
463,tempus sit amet sem fusce consequat,3266,5981,4,2975,2
464,nisl nunc rhoncus dui vel sem sed sagittis,2389,6866,4,2933,3
465,nunc proin,1437,6619,3,7144,3
466,dolor sit amet consectetuer adipiscing elit,1096,2334,2,8844,4
467,elementum eu interdum eu tincidunt in leo,1485,6145,2,6681,3
468,ipsum aliquam non mauris morbi non lectus,941,2488,2,5119,4
469,enim lorem,2220,6585,4,3865,2
470,aliquam convallis nunc proin at turpis,909,7073,1,5853,2
471,eu orci mauris lacinia sapien quis libero nullam,1188,7500,4,5784,2
472,suscipit ligula,345,633,2,9974,5
473,ultrices posuere cubilia curae duis,2398,2020,4,8065,5
474,ut nulla sed,351,2966,4,636,5
475,donec pharetra magna vestibulum aliquet ultrices erat,351,1172,4,1862,4
476,nullam varius nulla,2463,271,2,6641,2
477,at nibh in hac habitasse,3470,3917,2,1101,3
478,odio donec vitae nisi nam ultrices,295,237,1,9061,3
479,platea dictumst morbi vestibulum velit id pretium iaculis,3060,814,4,8948,4
480,feugiat et eros vestibulum ac est lacinia,179,9802,4,8177,4
481,purus eu magna vulputate luctus,843,9655,1,1510,4
482,orci luctus et ultrices posuere,309,3454,4,5377,4
483,sapien placerat ante nulla justo aliquam,853,9914,1,3493,5
484,dapibus nulla suscipit ligula in lacus curabitur,3993,5732,3,8341,1
485,cursus id turpis integer aliquet massa id,2769,2865,4,4790,4
486,adipiscing molestie hendrerit at vulputate,2070,6203,1,900,4
487,semper interdum mauris,2958,9619,2,4488,5
488,ullamcorper purus sit amet nulla,1320,2129,2,8728,4
489,maecenas leo odio condimentum id luctus,8,1764,2,5292,5
490,in purus eu magna,2830,9311,1,4881,3
491,quis odio consequat varius integer,2274,94,2,2758,1
492,dui maecenas,2080,2429,2,6227,2
493,lectus in est,1582,2630,3,8370,5
494,pretium iaculis justo in hac habitasse platea,3435,1608,1,2480,2
495,pretium iaculis justo in hac habitasse,2297,7712,3,5231,1
496,velit vivamus vel nulla eget eros elementum,3795,5326,1,2775,2
497,mauris ullamcorper purus,3868,1562,3,627,3
498,erat volutpat in congue etiam justo,353,2927,3,2648,1
499,amet diam in magna bibendum imperdiet nullam,3353,535,2,1043,2
500,ridiculus mus etiam vel augue vestibulum rutrum rutrum,3840,3524,1,8619,5
501,cras non,2757,3151,4,3981,2
502,viverra eget,89,213,1,8756,4
503,metus sapien ut nunc,2098,9212,2,7729,3
504,platea dictumst aliquam,2187,2604,1,3649,3
505,non sodales sed tincidunt eu felis fusce posuere,1442,7582,2,570,3
506,morbi non lectus aliquam sit,2341,7001,4,9597,1
507,nec sem duis aliquam convallis nunc proin at,2181,4070,2,1082,2
508,scelerisque mauris,795,5641,1,3241,3
509,luctus et,1450,3086,4,1412,1
510,ipsum primis in faucibus orci luctus et ultrices,3591,4691,2,2026,4
511,elementum eu interdum eu tincidunt in leo,2870,8767,3,814,2
512,nunc donec quis orci eget orci vehicula,2921,2105,1,9340,3
513,imperdiet nullam orci pede,2546,2170,4,9599,5
514,curae duis faucibus accumsan,1041,7547,3,1232,4
515,eget rutrum at lorem integer tincidunt ante,3953,4050,2,9431,1
516,hac habitasse platea dictumst etiam faucibus,826,171,4,3396,4
517,eu sapien cursus vestibulum proin eu mi,2420,7699,3,5500,3
518,sed accumsan felis ut,3393,299,2,8564,1
519,proin at turpis a pede posuere nonummy,1594,1398,3,1546,4
520,erat vestibulum sed magna at nunc commodo,23,2674,2,7526,4
521,elementum eu interdum eu tincidunt in leo,2824,2792,3,950,4
522,at lorem integer tincidunt ante vel ipsum,3332,1433,3,4699,5
523,pretium iaculis diam erat fermentum,334,7961,4,4694,5
524,varius ut blandit non interdum in ante,2757,5569,1,5229,5
525,ultrices mattis,3683,7174,3,3907,2
526,pulvinar nulla pede ullamcorper augue a suscipit,2110,8228,1,3336,3
527,nulla sed accumsan felis ut at dolor,1779,4474,2,3248,2
528,dolor sit amet consectetuer adipiscing elit proin,8,1165,3,7909,4
529,at lorem integer tincidunt ante vel ipsum,486,7854,1,6588,4
530,quam pede lobortis ligula sit,3114,2905,2,7683,1
531,metus aenean fermentum donec,815,645,2,9956,5
532,justo maecenas rhoncus,1085,4434,4,5170,4
533,eu felis,3196,4556,4,7560,3
534,quam nec dui,692,6594,3,3007,3
535,eget orci vehicula condimentum,3376,1091,3,3331,2
536,nulla dapibus dolor vel est donec odio,2777,7526,3,2761,3
537,nulla sed vel enim sit amet nunc,3963,3780,4,8938,5
538,nunc viverra dapibus nulla suscipit,164,2557,1,6445,3
539,nunc commodo placerat,1316,4527,2,8072,5
540,ut rhoncus aliquet pulvinar sed,574,9334,1,6321,1
541,nam nulla integer pede justo lacinia eget,2600,5991,3,2598,2
542,nisl nunc nisl duis bibendum,2501,1337,2,1997,2
543,faucibus accumsan odio curabitur convallis,2448,692,2,8069,3
544,in quis justo,123,9597,3,8568,2
545,eros vestibulum ac est lacinia nisi venenatis tristique,1432,7984,2,9135,5
546,morbi quis,68,3955,2,8807,2
547,eget eleifend luctus ultricies eu,3213,9362,4,2794,3
548,sed sagittis nam congue risus,3363,3352,3,6203,1
549,dapibus augue,946,9287,3,4861,5
550,justo sit amet sapien dignissim vestibulum vestibulum ante,2375,436,2,759,4
551,morbi ut odio cras mi pede,3940,8819,3,2902,4
552,in tempus sit amet sem,3881,5343,1,3732,3
553,bibendum imperdiet nullam orci pede venenatis non,2289,7964,2,6794,4
554,velit vivamus vel,1581,9276,2,4057,3
555,dis parturient,1837,5150,4,3366,2
556,odio justo sollicitudin,3259,7390,1,5050,4
557,lorem integer,2736,7143,2,3107,3
558,faucibus accumsan odio curabitur convallis,2878,384,1,4086,4
559,bibendum morbi non quam,1484,4569,4,7349,3
560,sed interdum venenatis turpis enim blandit mi in,2617,2591,3,3732,2
561,cum sociis natoque,1519,1768,3,6797,5
562,donec ut mauris eget massa tempor convallis nulla,1440,8245,4,139,3
563,nisi venenatis tristique fusce congue diam id,1162,2217,1,5756,3
564,vel nulla eget eros elementum pellentesque quisque,27,9891,3,8327,3
565,in faucibus orci,1889,810,4,9116,5
566,varius ut blandit non,2622,5879,2,6149,1
567,amet sapien dignissim,1353,6533,1,779,2
568,id pretium iaculis,3486,6720,3,7705,4
569,adipiscing elit proin interdum mauris non ligula pellentesque,3405,966,1,2480,4
570,et magnis dis parturient,2141,7207,4,9591,5
571,ultrices posuere,3957,2341,1,9356,1
572,non velit donec diam,2581,2468,3,6920,5
573,in hac habitasse platea dictumst,2769,7716,1,7696,1
574,curabitur at,2985,9916,2,6769,5
575,nam tristique tortor,3329,4449,2,6197,4
576,vestibulum ante ipsum primis in,96,8063,3,6997,2
577,et tempus semper est quam,832,5257,4,7353,4
578,sapien in sapien iaculis congue,927,7298,1,4435,3
579,eu orci mauris,2297,4229,4,7699,1
580,a odio in hac habitasse platea,549,8323,3,5855,5
581,amet consectetuer adipiscing elit,1505,9254,3,6317,1
582,pellentesque eget nunc donec,3461,1495,2,1635,1
583,venenatis tristique fusce congue diam id ornare,1220,4238,2,9349,4
584,ridiculus mus vivamus vestibulum,554,1306,2,4024,3
585,in quam fringilla rhoncus,1683,4105,4,261,2
586,lorem id,1310,6131,2,1611,1
587,at nunc commodo,642,5091,4,5820,2
588,mi integer,1169,7738,3,9199,1
589,ipsum dolor sit amet consectetuer adipiscing elit proin,2212,1684,3,7249,1
590,purus phasellus,143,7153,1,6900,5
591,dui proin leo odio porttitor,444,3789,4,6334,5
592,vulputate vitae,3636,132,3,7130,4
593,dui nec nisi volutpat eleifend,1328,4285,1,1485,2
594,lacinia erat,297,4028,4,7718,4
595,in imperdiet et commodo vulputate justo in blandit,1279,8789,4,1329,4
596,aliquam lacus morbi,1807,4387,2,4155,1
597,duis at velit eu,1177,281,2,1977,5
598,sed lacus,2098,3445,4,7805,3
599,ullamcorper purus sit amet nulla quisque,2458,7435,2,5180,2
600,ipsum dolor sit amet,244,6012,3,8443,3
601,proin interdum mauris non ligula pellentesque ultrices,1211,9587,3,2100,1
602,at diam nam tristique tortor eu,3862,3798,1,9395,4
603,leo odio condimentum id luctus nec molestie,617,8019,2,6370,5
604,diam vitae quam suspendisse potenti nullam porttitor,2128,8601,2,991,1
605,consequat dui nec nisi volutpat eleifend donec,61,2644,1,9236,5
606,odio condimentum,2700,8762,1,2153,3
607,luctus et ultrices posuere cubilia,734,843,3,3998,5
608,convallis eget eleifend luctus,1754,6200,3,6473,4
609,elementum nullam varius nulla facilisi cras non,2590,9902,1,7145,2
610,luctus ultricies eu nibh quisque id justo sit,477,9327,2,6259,2
611,vitae mattis nibh ligula nec,3349,993,4,4577,4
612,justo morbi ut odio,1468,8637,4,7784,3
613,eu sapien cursus vestibulum proin,3684,2958,2,530,2
614,eu magna vulputate luctus cum sociis,1155,4055,3,9380,3
615,purus sit amet nulla quisque arcu,1098,6725,1,2496,3
616,ut suscipit a feugiat et eros vestibulum ac,1354,8945,4,5077,5
617,pulvinar lobortis est phasellus sit,2433,9721,2,6458,5
618,magna ac consequat metus sapien ut nunc,147,3704,3,3959,5
619,tellus nulla ut erat,1917,1837,1,278,5
620,diam vitae quam suspendisse potenti nullam porttitor lacus,1163,530,2,6278,3
621,volutpat in congue etiam justo etiam pretium iaculis,1493,3201,3,7964,1
622,tincidunt nulla,2393,8580,3,298,2
623,eget tempus vel pede,887,4221,2,4927,2
624,justo morbi ut odio cras mi,493,7471,1,1564,4
625,id consequat in,2549,3847,3,7602,3
626,euismod scelerisque,1525,750,4,9614,1
627,parturient montes nascetur ridiculus mus vivamus vestibulum sagittis,697,6613,3,3863,5
628,vestibulum aliquet ultrices erat tortor,84,168,1,508,2
629,a nibh in quis justo maecenas,2463,53,1,9911,1
630,vivamus vel nulla eget eros elementum pellentesque,3538,3610,4,2760,2
631,sed nisl nunc rhoncus dui vel sem sed,2848,7032,1,4912,4
632,dictumst etiam faucibus cursus,3781,1076,1,3376,4
633,nec dui,1530,7226,3,8534,1
634,imperdiet nullam orci pede venenatis non sodales sed,2696,7588,2,6311,3
635,augue aliquam erat volutpat in congue etiam justo,925,6848,2,6738,5
636,ut massa,1246,901,4,7294,5
637,erat id mauris vulputate elementum nullam,3474,1958,4,9386,2
638,magnis dis parturient montes nascetur ridiculus,3609,1761,2,4559,5
639,justo pellentesque viverra pede ac diam,2456,2355,3,3899,5
640,dapibus nulla suscipit ligula,2813,6766,3,3811,3
641,nisl nunc nisl duis bibendum felis sed,2436,847,1,8151,3
642,ultrices mattis odio,2878,532,3,6064,5
643,in porttitor,3957,5435,4,7401,5
644,metus arcu adipiscing molestie hendrerit at vulputate vitae,2275,3131,3,9598,4
645,vitae quam suspendisse potenti nullam porttitor lacus,2917,8225,2,9540,4
646,porttitor pede justo eu massa donec,2656,5633,2,4761,2
647,enim leo rhoncus sed,2263,9101,1,3724,4
648,libero quis orci nullam molestie nibh in,1610,5999,2,9016,1
649,massa tempor convallis nulla neque,468,4721,1,6823,3
650,justo eu massa donec dapibus duis at,3595,4907,2,1165,3
651,cras pellentesque volutpat dui maecenas tristique est,3263,4412,3,4006,4
652,non mattis pulvinar nulla pede,1878,3044,3,9213,5
653,vel lectus in quam fringilla,3440,165,2,1592,4
654,convallis eget eleifend,1027,8685,3,9461,3
655,id lobortis,3804,488,1,4893,4
656,vitae mattis nibh ligula nec sem,299,2607,4,1853,2
657,enim sit amet nunc viverra dapibus nulla suscipit,3733,3133,1,7687,3
658,congue diam id ornare imperdiet,321,8489,3,5265,5
659,ante ipsum primis,3621,9088,3,7341,4
660,quisque arcu libero rutrum ac lobortis vel,2704,3738,3,1965,2
661,rutrum neque aenean auctor gravida,1263,5689,2,8800,4
662,eget eros elementum pellentesque quisque porta volutpat erat,2969,123,3,8381,5
663,integer non velit donec diam neque,3582,6381,3,8681,5
664,nunc vestibulum ante ipsum primis,3719,594,1,6503,1
665,mi in porttitor pede justo eu massa,2838,618,2,768,2
666,integer pede justo,1015,7629,3,4239,1
667,nonummy integer non velit donec diam,2757,4692,3,5098,3
668,elementum eu interdum,2160,5892,3,3594,3
669,velit nec nisi vulputate nonummy maecenas tincidunt,2385,1011,3,9334,1
670,consequat in consequat ut nulla sed accumsan,2393,4664,2,1094,4
671,orci pede venenatis non sodales,1055,8034,3,7098,2
672,eros suspendisse accumsan tortor quis turpis sed ante,3176,5174,4,513,2
673,tempor turpis nec,1354,7278,1,20,5
674,lacus curabitur at ipsum ac tellus semper interdum,118,6110,3,1197,3
675,ullamcorper purus,2412,8643,2,8603,4
676,sed tincidunt eu,907,8126,2,1506,3
677,neque duis,3396,252,4,7391,2
678,pharetra magna vestibulum,249,694,2,3373,4
679,sodales scelerisque mauris sit amet,3811,4077,2,3947,4
680,lacus curabitur at ipsum ac tellus,166,7862,2,3306,2
681,leo odio condimentum id luctus nec,1539,4253,4,8064,3
682,quam pharetra magna,2543,1417,3,1163,1
683,id luctus nec molestie sed justo pellentesque viverra,104,2890,3,4235,2
684,aliquet maecenas leo odio condimentum id,3979,4271,4,420,1
685,quis justo,1076,788,3,1717,2
686,hac habitasse,1190,7593,4,9452,5
687,tristique in tempus sit amet sem fusce,331,4598,2,6845,3
688,pellentesque viverra pede,298,6643,4,2423,4
689,pulvinar sed nisl nunc,2896,5433,2,8463,2
690,tellus nulla ut erat id,943,8537,4,3305,4
691,venenatis lacinia aenean,1124,5218,3,7219,1
692,in felis eu sapien cursus vestibulum proin eu,1535,6570,2,607,5
693,augue aliquam erat volutpat in congue,3371,7147,4,3538,3
694,tortor id nulla,1491,6683,4,3487,2
695,neque sapien placerat ante nulla justo aliquam,3492,6289,2,8150,2
696,lacus at velit vivamus vel nulla,318,7561,2,5672,3
697,dignissim vestibulum vestibulum ante,2433,4049,1,5110,1
698,id massa id nisl venenatis,2315,2195,4,7941,2
699,diam neque vestibulum eget vulputate,2167,1580,1,5391,4
700,pellentesque ultrices mattis odio,314,218,3,8231,5
701,imperdiet et commodo vulputate justo in,1794,120,3,6282,5
702,ante ipsum primis in faucibus,2964,3689,2,9748,1
703,vel dapibus at diam,2099,5519,4,8955,5
704,rhoncus dui vel sem sed sagittis,1693,892,2,7048,3
705,quam pharetra magna ac consequat,230,5918,1,4682,3
706,odio condimentum id luctus,3449,4186,3,6059,3
707,maecenas tristique est et tempus,2130,1157,2,4452,5
708,integer aliquet massa id lobortis,819,4616,3,3891,4
709,quisque arcu,1151,8377,1,7745,4
710,enim in tempor turpis,1171,6664,1,9741,1
711,sit amet eleifend pede libero,3142,350,4,18,2
712,lorem id ligula suspendisse ornare consequat,2506,8138,2,2608,1
713,elementum nullam varius nulla facilisi,3907,3046,4,2094,2
714,sapien iaculis congue vivamus metus,2330,1051,4,5012,1
715,consequat lectus in est,1706,5870,4,5562,1
716,magna at nunc,3023,6983,2,8760,2
717,interdum eu tincidunt in leo maecenas pulvinar lobortis,739,2369,2,9673,5
718,sed interdum venenatis turpis,3936,5063,3,8914,1
719,lectus in quam fringilla,603,6937,3,4339,3
720,etiam vel augue vestibulum rutrum rutrum neque,206,5158,3,2899,4
721,nunc nisl duis,864,1751,3,8965,2
722,sagittis nam,3878,3016,3,9464,2
723,imperdiet et commodo vulputate justo in blandit ultrices,1909,4428,4,4779,2
724,in libero ut massa,2596,2359,3,6044,3
725,habitasse platea dictumst aliquam augue quam,2018,6551,2,3788,2
726,varius integer ac,3510,1476,3,9041,2
727,ultrices posuere,814,1341,3,7845,2
728,mi integer,3295,3068,1,8364,2
729,proin leo odio porttitor,3102,6028,2,7405,1
730,pulvinar sed nisl nunc,1281,5126,3,6945,3
731,ante vestibulum ante,2751,1072,2,1285,3
732,hac habitasse platea dictumst,2500,3965,1,8103,4
733,consectetuer adipiscing elit proin,237,6912,2,2224,2
734,purus sit amet nulla quisque,2755,3445,1,2864,5
735,platea dictumst etiam,1216,8997,3,4154,2
736,nunc proin at turpis a,987,7460,1,4480,3
737,primis in,2811,9049,4,1131,1
738,ut suscipit a,375,5459,3,3252,2
739,amet turpis elementum ligula vehicula consequat morbi,3989,9204,3,9870,5
740,proin leo odio,2964,8649,3,6867,5
741,eu sapien cursus vestibulum proin eu mi nulla,2829,4837,4,6423,5
742,cras pellentesque volutpat,19,6201,4,4026,3
743,viverra diam vitae,1038,9492,1,1159,3
744,quam sapien,3633,6562,1,5334,3
745,nulla ac,1947,5726,1,3512,1
746,cursus vestibulum proin eu mi,3418,58,1,6683,5
747,euismod scelerisque quam turpis adipiscing lorem vitae mattis,2678,7530,3,6780,5
748,sociis natoque penatibus et magnis dis,362,9509,4,9124,4
749,nec condimentum neque sapien placerat ante,605,7626,3,509,3
750,nibh in lectus pellentesque at nulla suspendisse,3025,1608,1,7822,4
751,etiam justo etiam pretium iaculis justo in hac,2347,1466,1,6506,5
752,in quis,2738,9083,2,3660,1
753,in faucibus orci luctus et ultrices posuere cubilia,237,1513,2,122,2
754,dapibus augue vel accumsan tellus nisi eu,57,3498,4,1359,3
755,libero quis orci nullam molestie nibh in lectus,2606,8795,2,2865,4
756,vestibulum sed magna at nunc,477,2229,1,2531,1
757,porttitor pede,112,4192,3,3276,4
758,porttitor pede,3050,6964,1,6230,2
759,vivamus metus arcu adipiscing molestie hendrerit at,3261,6459,3,9677,3
760,ipsum integer a nibh in quis justo,1619,9628,2,4726,3
761,nibh in hac habitasse platea dictumst aliquam,5,1803,4,5198,4
762,maecenas pulvinar lobortis est phasellus,2394,5865,1,2314,2
763,mattis nibh ligula nec sem,695,9685,3,5688,5
764,lacinia nisi,3788,496,1,6050,5
765,eget elit sodales,2261,8950,1,2310,4
766,maecenas tincidunt lacus at velit vivamus vel,2056,761,4,9279,3
767,mauris sit amet eros,3298,3119,3,6890,4
768,convallis nunc proin at turpis a,3763,9909,1,4432,2
769,quam pede lobortis,3088,5131,1,9560,5
770,viverra diam vitae quam suspendisse potenti nullam,2910,3347,3,3907,5
771,est congue elementum,74,1880,2,4996,4
772,quam sapien varius ut,2436,7504,4,2763,5
773,ac neque duis bibendum morbi non quam,3240,1476,4,9554,4
774,luctus et ultrices posuere cubilia curae duis,1033,3844,2,3245,1
775,luctus rutrum nulla,2113,1178,4,6738,3
776,id massa,1535,7493,3,2875,1
777,eget tincidunt eget,2755,790,4,1871,1
778,nulla sed vel enim sit amet nunc viverra,1549,4806,3,7622,4
779,duis at velit eu est congue,3179,2111,2,1651,5
780,dui vel sem sed sagittis nam,1966,8093,4,7873,2
781,vestibulum quam sapien varius,2279,1043,4,9314,1
782,tellus nisi eu orci mauris,1455,9753,3,4459,2
783,cubilia curae nulla,2202,7698,3,4751,3
784,erat volutpat in,2392,9045,2,7357,3
785,integer aliquet massa id lobortis convallis,2403,6221,2,4225,2
786,tincidunt in leo,923,2616,4,319,5
787,praesent id massa id nisl venenatis,880,7035,3,8654,2
788,nascetur ridiculus mus vivamus vestibulum sagittis sapien,275,7382,4,1794,2
789,elit proin risus praesent,1367,5796,1,7383,2
790,tempus vivamus in,1456,909,2,7685,5
791,diam cras pellentesque volutpat dui maecenas tristique,2946,974,2,8185,4
792,amet nunc,1732,4130,3,4499,1
793,odio porttitor id consequat in,2551,7516,4,5919,4
794,accumsan tortor quis turpis sed ante,3568,753,3,9492,4
795,ultrices posuere cubilia,195,7674,4,6880,3
796,ut nunc vestibulum ante,2505,3704,3,274,2
797,primis in faucibus orci luctus et ultrices posuere,1627,7927,2,7556,2
798,nulla suspendisse potenti,819,4104,4,7978,4
799,nulla nunc purus phasellus in felis donec semper,990,9949,2,6203,3
800,enim sit,423,1387,1,1349,4
801,in faucibus orci luctus et ultrices posuere cubilia,2547,566,3,1921,1
802,non velit donec diam,749,4537,3,9806,1
803,justo maecenas rhoncus aliquam lacus morbi quis tortor,297,4726,2,1034,2
804,sit amet turpis elementum ligula vehicula consequat morbi,3011,3681,1,388,5
805,pellentesque ultrices,2317,8286,2,7517,2
806,etiam pretium iaculis justo in hac habitasse platea,361,2086,2,3100,5
807,orci mauris,1455,7900,2,6335,4
808,consequat varius integer ac leo pellentesque ultrices mattis,2270,344,3,8370,5
809,urna ut tellus nulla ut erat id mauris,201,1160,4,1218,2
810,eleifend luctus ultricies eu nibh quisque id justo,196,8886,2,9024,4
811,rutrum rutrum neque aenean auctor gravida sem praesent,843,8486,2,800,3
812,consequat lectus,200,8250,2,6375,3
813,odio odio elementum eu interdum eu tincidunt in,970,6414,4,1186,5
814,pretium quis,2326,4725,3,705,2
815,nec nisi vulputate nonummy maecenas tincidunt lacus at,3851,7638,2,3654,1
816,adipiscing elit proin interdum mauris non ligula pellentesque,2908,7823,1,5290,4
817,id justo sit amet,806,9042,2,3026,3
818,aliquam lacus morbi,2060,2520,2,6269,1
819,nec molestie,1594,54,4,2648,3
820,odio porttitor id,1315,3811,2,4285,3
821,pede justo lacinia,2685,8360,2,1824,4
822,et ultrices posuere cubilia curae mauris viverra,2704,658,4,3892,3
823,ligula sit amet eleifend pede libero quis,1364,248,3,9337,4
824,tincidunt nulla mollis molestie lorem,3246,7191,1,2315,1
825,ultrices enim lorem ipsum dolor sit,226,3578,4,5039,1
826,ultrices posuere cubilia,3967,3729,4,8970,1
827,vestibulum vestibulum ante ipsum primis in faucibus orci,1348,2442,2,9734,4
828,etiam pretium iaculis,2427,3676,1,8858,1
829,eleifend luctus,134,3556,3,275,3
830,urna pretium nisl ut volutpat sapien arcu,296,6800,1,4252,3
831,ante ipsum primis in faucibus orci luctus et,3922,7030,3,5765,2
832,et commodo,3031,2424,3,8255,5
833,ultricies eu nibh quisque id justo sit,3831,6580,1,704,1
834,non lectus aliquam sit amet,1819,2337,3,5301,5
835,metus sapien ut nunc,2058,5908,1,3888,3
836,vestibulum ante ipsum primis in faucibus orci luctus,3123,7851,1,798,1
837,velit eu est congue,2487,727,3,7385,5
838,praesent blandit lacinia erat vestibulum sed magna at,3629,4338,2,2971,3
839,eros suspendisse accumsan tortor quis,2844,2218,1,4214,5
840,morbi vel,2177,3227,4,7852,4
841,morbi vel lectus in quam,1270,9190,3,45,5
842,ante vel,2291,3857,2,4246,4
843,pharetra magna ac consequat metus sapien ut,97,4159,3,5498,2
844,faucibus orci luctus et ultrices posuere cubilia,2096,8803,3,5520,1
845,sit amet sapien dignissim vestibulum,1550,2284,3,3141,2
846,vivamus tortor duis mattis egestas,3585,389,4,3454,2
847,tincidunt eu felis fusce posuere felis sed lacus,982,1282,4,1647,5
848,a nibh in quis justo maecenas rhoncus,1254,4382,4,7420,5
849,sit amet sapien,3050,6164,2,5225,2
850,libero ut massa volutpat,2406,3137,4,8521,1
851,turpis adipiscing lorem vitae mattis,817,4894,3,6570,1
852,suspendisse potenti nullam porttitor lacus at,975,509,1,6627,5
853,amet sapien dignissim vestibulum vestibulum,552,6589,1,967,3
854,nullam molestie nibh in lectus,2025,5672,2,6896,2
855,nibh in hac,1302,8772,4,3237,2
856,orci eget orci vehicula,2049,5765,4,3220,5
857,volutpat in congue,2356,8647,2,1507,2
858,justo sollicitudin ut suscipit a feugiat et,1607,4163,4,9259,3
859,fusce posuere felis sed lacus morbi sem mauris,3039,4833,4,9188,5
860,duis ac nibh fusce lacus purus aliquet at,1726,8891,4,1330,2
861,mus etiam vel augue,3914,3564,2,355,5
862,erat curabitur,3563,2518,1,8390,5
863,quis lectus suspendisse potenti in eleifend quam,3187,8148,1,2052,4
864,quis justo maecenas rhoncus aliquam lacus morbi,112,3414,3,8642,3
865,sed justo pellentesque viverra pede,3987,779,2,8125,4
866,in tempus,540,4117,4,3776,1
867,quis odio consequat varius integer,2604,6242,2,6129,4
868,quis augue luctus,3696,1419,3,5363,2
869,vestibulum sagittis sapien cum sociis natoque,2345,4506,1,1979,1
870,nulla dapibus,1042,6380,1,8652,1
871,nulla sed accumsan felis ut at dolor,3431,6582,3,3587,5
872,dapibus at diam nam tristique tortor eu pede,2537,8176,3,5798,5
873,aliquam convallis nunc proin at turpis a,2522,3279,2,7390,1
874,erat nulla tempus vivamus in felis,1721,1884,2,8496,3
875,massa volutpat convallis,2371,4329,2,5605,2
876,accumsan tortor quis turpis sed ante vivamus tortor,3231,4697,3,5107,2
877,pellentesque ultrices mattis odio donec vitae nisi nam,1773,2971,3,9840,1
878,interdum mauris,2523,7295,3,4512,4
879,ullamcorper augue,2354,160,1,8695,4
880,a odio in hac,3488,3723,2,1866,3
881,duis bibendum,1595,3906,3,3298,1
882,ultrices posuere cubilia,3108,9036,4,3165,1
883,in faucibus orci luctus et ultrices,3067,6377,4,5919,4
884,pede malesuada in imperdiet et commodo,3159,4087,4,3017,1
885,nisl ut volutpat sapien arcu sed augue,2870,6693,2,4783,4
886,sed ante vivamus tortor duis mattis,1392,932,1,4343,4
887,cras mi,1696,4529,3,2842,4
888,ipsum dolor sit amet,503,3461,3,1747,5
889,nisl duis ac nibh,3655,5264,4,2491,4
890,blandit ultrices enim lorem ipsum dolor sit,214,4218,4,3545,2
891,sed justo pellentesque viverra pede ac diam cras,3152,8611,1,3741,4
892,pede posuere nonummy integer non velit donec,765,5262,4,1900,5
893,nulla suscipit ligula,274,9733,1,4443,2
894,aliquam augue quam,3280,1818,3,8279,1
895,odio odio elementum eu interdum,2594,1119,4,9537,3
896,arcu libero rutrum ac lobortis,635,3637,4,6349,1
897,mattis egestas metus aenean fermentum donec,2786,8399,2,2938,2
898,lorem ipsum dolor sit,2042,7250,1,1139,5
899,dolor quis odio consequat,463,2829,2,1640,3
900,volutpat dui,377,7512,2,5238,1
901,non mauris morbi,2254,422,4,5534,5
902,purus phasellus in felis,2116,9524,1,3899,1
903,condimentum neque sapien placerat ante,455,5432,4,6930,3
904,praesent blandit,1686,3670,1,7828,2
905,odio cras mi pede,3841,2805,4,394,4
906,sit amet lobortis sapien,1400,1521,4,712,2
907,et commodo vulputate justo in,3112,9910,1,6402,1
908,metus vitae ipsum aliquam non mauris,2929,8791,4,2111,1
909,rhoncus mauris enim leo,3496,2839,2,6790,3
910,nisl nunc rhoncus dui vel sem sed sagittis,1676,7441,1,3943,5
911,donec quis orci eget orci,2569,1472,1,4876,5
912,tortor risus dapibus,651,119,4,8582,5
913,sed ante vivamus,3555,1663,4,4780,5
914,ut dolor morbi vel lectus in quam,423,2744,3,7028,2
915,potenti nullam porttitor lacus,2104,2090,1,8124,1
916,id turpis integer,3114,5153,1,3699,5
917,eros vestibulum ac est lacinia nisi,554,7742,3,7125,3
918,pede libero quis orci nullam,2352,4718,2,6371,4
919,justo in blandit ultrices enim lorem,3342,2578,1,5304,3
920,tincidunt nulla mollis,730,3530,2,8500,1
921,maecenas pulvinar lobortis est phasellus sit amet erat,762,2767,1,9052,5
922,aenean sit amet justo,503,6357,1,764,5
923,leo odio porttitor id consequat in,345,6246,3,9162,5
924,cum sociis natoque penatibus et,766,4759,2,778,1
925,blandit nam nulla integer pede justo lacinia eget,2694,8256,3,4756,2
926,lorem vitae mattis,1282,145,4,1258,3
927,ut nunc vestibulum ante ipsum primis in,690,1032,4,2878,3
928,pretium iaculis justo in hac,3312,5271,4,2147,2
929,purus eu magna,1573,7378,1,5109,4
930,vestibulum proin eu mi nulla ac enim,1770,3969,2,71,4
931,tellus nisi eu orci mauris,1128,4542,3,3309,1
932,amet consectetuer adipiscing elit proin interdum mauris,438,6965,1,7413,1
933,accumsan odio curabitur convallis duis consequat dui,3979,4960,1,6069,5
934,turpis integer,3434,4813,4,3540,4
935,consequat morbi a ipsum integer,2013,4704,1,366,2
936,augue aliquam erat volutpat,588,5884,1,3380,4
937,cubilia curae donec pharetra magna vestibulum aliquet,1914,3737,2,9436,2
938,morbi sem mauris laoreet ut,1442,4941,1,4979,4
939,integer ac leo pellentesque ultrices,1091,6550,2,1630,1
940,maecenas ut massa quis augue luctus tincidunt,2327,507,1,31,4
941,lacinia erat,3040,5892,1,6501,4
942,ut nulla sed accumsan felis,337,8621,3,6050,5
943,ipsum primis in faucibus orci,1364,1038,4,5784,5
944,elementum pellentesque,1374,531,3,2179,4
945,convallis morbi odio odio elementum eu interdum eu,1417,900,2,7929,5
946,ornare consequat lectus in est risus auctor,3593,4256,2,3209,3
947,sit amet turpis elementum ligula vehicula consequat,1511,7862,4,9494,1
948,faucibus orci luctus et ultrices posuere cubilia curae,3351,6738,1,4647,5
949,at vulputate,654,2563,2,6983,5
950,nonummy maecenas tincidunt lacus at velit,3067,5853,4,9533,1
951,adipiscing elit,3547,3777,3,7806,1
952,hendrerit at vulputate vitae nisl aenean,2430,6964,3,2008,4
953,in ante,2800,64,1,972,4
954,vitae consectetuer eget rutrum,1484,7507,1,6297,2
955,sed magna,1343,6637,1,2303,5
956,erat id mauris vulputate elementum nullam varius nulla,2231,1139,2,3969,5
957,sapien arcu sed,2021,268,1,1885,2
958,vivamus tortor duis mattis egestas,1569,3574,2,4200,5
959,ante vestibulum ante ipsum,3518,157,1,9833,5
960,sit amet sapien dignissim,1334,8078,1,2112,1
961,in eleifend quam a odio in hac,1813,1634,3,9199,4
962,dui proin leo odio,507,7043,1,889,2
963,suscipit nulla elit ac nulla sed,1172,5220,4,7889,3
964,ac est lacinia nisi,3364,133,3,3556,3
965,fusce congue diam id ornare,1892,321,2,6263,5
966,nisi volutpat eleifend donec ut dolor,1959,2184,1,278,5
967,turpis eget elit sodales scelerisque mauris,1005,6004,1,3665,1
968,aliquet at feugiat non pretium quis lectus,137,7595,3,4901,5
969,et ultrices posuere cubilia curae donec pharetra magna,2693,1034,4,8932,3
970,nulla justo,1729,4508,1,8735,4
971,lacinia erat vestibulum sed magna,3397,3941,2,2657,5
972,lobortis convallis,1323,2284,2,4597,1
973,ligula sit amet eleifend pede libero,2718,1517,3,2545,1
974,libero rutrum ac lobortis vel dapibus,982,8554,3,2133,4
975,pellentesque ultrices phasellus id sapien in,3900,1584,1,4210,1
976,velit id pretium iaculis diam erat fermentum,2280,1462,2,5687,5
977,nullam varius nulla facilisi cras non velit,1608,700,2,30,5
978,mauris non ligula pellentesque ultrices phasellus,3649,4332,4,5027,1
979,aliquam sit amet diam,846,2466,2,6156,3
980,nullam sit amet turpis elementum ligula vehicula,443,6060,1,719,4
981,nunc nisl duis,3731,381,3,9770,1
982,eget orci vehicula condimentum curabitur in libero,1251,3892,3,1352,1
983,curae mauris viverra diam vitae quam suspendisse,3468,4154,1,9500,5
984,amet cursus id turpis integer aliquet massa id,3341,9878,2,5193,3
985,integer non velit donec diam neque,876,7849,3,4302,1
986,suspendisse potenti cras,118,7824,1,6694,2
987,sed magna at,2125,4994,2,1946,4
988,pede posuere nonummy integer,2752,8928,3,3658,4
989,nisi volutpat eleifend,1241,298,2,2840,4
990,odio consequat varius integer,69,815,2,5331,2
991,commodo vulputate justo in blandit ultrices enim,3657,5416,3,1527,4
992,a libero nam dui proin leo,50,7462,1,625,3
993,nisi vulputate nonummy,911,8949,4,7384,5
994,dictumst morbi vestibulum,2519,1214,2,8324,1
995,mattis nibh ligula,1065,1785,1,4998,4
996,porttitor lorem id ligula suspendisse,2703,3004,4,2129,2
997,donec vitae nisi nam ultrices libero non,3557,3630,1,7576,1
998,libero nullam sit amet turpis elementum ligula vehicula,3474,5358,1,3120,2
999,sapien cursus vestibulum proin eu mi nulla,3785,7712,2,3914,3
1000,neque vestibulum eget,3595,5253,2,726,4
